<?xml version="1.0" encoding="utf-8"?>
<Level width="20" height="20">
	<Field x="1" y="1" type="6" width="20" length="1" />
	<Field x="1" y="2" type="6" width="1" length="7" />
	<Field x="1" y="9" type="6" width="4" length="1" />
	<Field x="1" y="10" type="12" width="20" length="1" />
	<Field x="1" y="11" type="12" width="20" length="1" />
	<Field x="1" y="12" type="6" width="4" length="1" />
	<Field x="1" y="13" type="6" width="1" length="7" />
	<Field x="1" y="20" type="6" width="20" length="1" />
	<Field x="2" y="2" type="10" width="18" length="1" />
	<Field x="2" y="3" type="10" width="1" length="1" />
	<Field x="2" y="4" type="10" width="18" length="1" />
	<Field x="2" y="5" type="10" width="1" length="1" />
	<Field x="2" y="6" type="10" width="6" length="1" />
	<Field x="2" y="7" type="10" width="1" length="1" />
	<Field x="2" y="8" type="10" width="4" length="1" />
	<Field x="2" y="13" type="10" width="4" length="1" />
	<Field x="2" y="14" type="4" width="1" length="1" />
	<Field x="2" y="15" type="10" width="6" length="1" />
	<Field x="2" y="16" type="4" width="1" length="1" />
	<Field x="2" y="17" type="10" width="18" length="1" />
	<Field x="2" y="18" type="4" width="1" length="1" />
	<Field x="2" y="19" type="10" width="18" length="1" />
	<Field x="3" y="3" type="11" width="1" length="1" />
	<Field x="3" y="5" type="11" width="1" length="1" />
	<Field x="3" y="7" type="1" width="1" length="1" />
	<Field x="3" y="14" type="10" width="1" length="1" />
	<Field x="3" y="16" type="10" width="1" length="1" />
	<Field x="3" y="18" type="10" width="1" length="1" />
	<Field x="4" y="3" type="10" width="1" length="1" />
	<Field x="4" y="5" type="10" width="1" length="1" />
	<Field x="4" y="7" type="10" width="3" length="1" />
	<Field x="4" y="14" type="4" width="1" length="1" />
	<Field x="4" y="16" type="4" width="1" length="1" />
	<Field x="4" y="18" type="4" width="1" length="1" />
	<Field x="5" y="3" type="11" width="1" length="1" />
	<Field x="5" y="5" type="11" width="1" length="1" />
	<Field x="5" y="9" type="12" width="5" length="1" />
	<Field x="5" y="12" type="12" width="5" length="1" />
	<Field x="5" y="14" type="10" width="2" length="1" />
	<Field x="5" y="16" type="10" width="1" length="1" />
	<Field x="5" y="18" type="10" width="1" length="1" />
	<Field x="6" y="3" type="10" width="1" length="1" />
	<Field x="6" y="5" type="10" width="1" length="1" />
	<Field x="6" y="8" type="12" width="4" length="1" />
	<Field x="6" y="13" type="12" width="4" length="1" />
	<Field x="6" y="16" type="4" width="1" length="1" />
	<Field x="6" y="18" type="4" width="1" length="1" />
	<Field x="7" y="3" type="11" width="1" length="1" />
	<Field x="7" y="5" type="11" width="1" length="1" />
	<Field x="7" y="7" type="12" width="3" length="1" />
	<Field x="7" y="14" type="12" width="3" length="1" />
	<Field x="7" y="16" type="10" width="2" length="1" />
	<Field x="7" y="18" type="10" width="1" length="1" />
	<Field x="8" y="3" type="10" width="1" length="1" />
	<Field x="8" y="5" type="10" width="1" length="1" />
	<Field x="8" y="6" type="12" width="2" length="1" />
	<Field x="8" y="15" type="12" width="2" length="1" />
	<Field x="8" y="18" type="4" width="1" length="1" />
	<Field x="9" y="3" type="11" width="1" length="1" />
	<Field x="9" y="5" type="12" width="1" length="1" />
	<Field x="9" y="16" type="12" width="1" length="1" />
	<Field x="9" y="18" type="10" width="4" length="1" />
	<Field x="10" y="3" type="10" width="3" length="1" />
	<Field x="10" y="5" type="10" width="2" length="1" />
	<Field x="10" y="6" type="10" width="2" length="1" />
	<Field x="10" y="7" type="10" width="2" length="1" />
	<Field x="10" y="8" type="10" width="1" length="1" />
	<Field x="10" y="9" type="10" width="2" length="1" />
	<Field x="10" y="12" type="10" width="2" length="1" />
	<Field x="10" y="13" type="8" width="1" length="1" />
	<Field x="10" y="14" type="10" width="2" length="1" />
	<Field x="10" y="15" type="10" width="2" length="1" />
	<Field x="10" y="16" type="10" width="2" length="1" />
	<Field x="11" y="8" type="7" width="1" length="1" />
	<Field x="11" y="13" type="10" width="1" length="1" />
	<Field x="12" y="5" type="12" width="1" length="1" />
	<Field x="12" y="6" type="12" width="2" length="1" />
	<Field x="12" y="7" type="12" width="3" length="1" />
	<Field x="12" y="8" type="12" width="4" length="1" />
	<Field x="12" y="9" type="12" width="5" length="1" />
	<Field x="12" y="12" type="12" width="5" length="1" />
	<Field x="12" y="13" type="12" width="4" length="1" />
	<Field x="12" y="14" type="12" width="3" length="1" />
	<Field x="12" y="15" type="12" width="2" length="1" />
	<Field x="12" y="16" type="12" width="1" length="1" />
	<Field x="13" y="3" type="4" width="1" length="1" />
	<Field x="13" y="5" type="10" width="2" length="1" />
	<Field x="13" y="16" type="10" width="2" length="1" />
	<Field x="13" y="18" type="5" width="1" length="1" />
	<Field x="14" y="3" type="10" width="1" length="1" />
	<Field x="14" y="6" type="10" width="6" length="1" />
	<Field x="14" y="15" type="10" width="6" length="1" />
	<Field x="14" y="18" type="10" width="1" length="1" />
	<Field x="15" y="3" type="4" width="1" length="1" />
	<Field x="15" y="5" type="4" width="1" length="1" />
	<Field x="15" y="7" type="10" width="2" length="1" />
	<Field x="15" y="14" type="10" width="3" length="1" />
	<Field x="15" y="16" type="5" width="1" length="1" />
	<Field x="15" y="18" type="5" width="1" length="1" />
	<Field x="16" y="3" type="10" width="1" length="1" />
	<Field x="16" y="5" type="10" width="1" length="1" />
	<Field x="16" y="8" type="10" width="4" length="1" />
	<Field x="16" y="13" type="10" width="4" length="1" />
	<Field x="16" y="16" type="10" width="1" length="1" />
	<Field x="16" y="18" type="10" width="1" length="1" />
	<Field x="17" y="3" type="4" width="1" length="1" />
	<Field x="17" y="5" type="4" width="1" length="1" />
	<Field x="17" y="7" type="4" width="1" length="1" />
	<Field x="17" y="9" type="6" width="4" length="1" />
	<Field x="17" y="12" type="6" width="4" length="1" />
	<Field x="17" y="16" type="5" width="1" length="1" />
	<Field x="17" y="18" type="5" width="1" length="1" />
	<Field x="18" y="3" type="10" width="1" length="1" />
	<Field x="18" y="5" type="10" width="1" length="1" />
	<Field x="18" y="7" type="10" width="1" length="1" />
	<Field x="18" y="14" type="2" width="1" length="1" />
	<Field x="18" y="16" type="10" width="1" length="1" />
	<Field x="18" y="18" type="10" width="1" length="1" />
	<Field x="19" y="3" type="4" width="1" length="1" />
	<Field x="19" y="5" type="4" width="1" length="1" />
	<Field x="19" y="7" type="4" width="1" length="1" />
	<Field x="19" y="14" type="10" width="1" length="1" />
	<Field x="19" y="16" type="5" width="1" length="1" />
	<Field x="19" y="18" type="5" width="1" length="1" />
	<Field x="20" y="2" type="6" width="1" length="7" />
	<Field x="20" y="13" type="6" width="1" length="7" />
</Level>