<?xml version="1.0" encoding="utf-8"?>
<Level width="20" height="20">
	<Field x="1" y="1" type="6" width="20" length="1" />
	<Field x="1" y="2" type="6" width="1" length="18" />
	<Field x="1" y="20" type="6" width="20" length="1" />
	<Field x="2" y="2" type="2" width="1" length="1" />
	<Field x="2" y="3" type="2" width="1" length="1" />
	<Field x="2" y="4" type="2" width="1" length="1" />
	<Field x="2" y="5" type="10" width="3" length="1" />
	<Field x="2" y="6" type="10" width="3" length="1" />
	<Field x="2" y="7" type="10" width="3" length="1" />
	<Field x="2" y="8" type="11" width="1" length="1" />
	<Field x="2" y="9" type="11" width="1" length="1" />
	<Field x="2" y="10" type="11" width="1" length="1" />
	<Field x="2" y="11" type="10" width="3" length="1" />
	<Field x="2" y="12" type="10" width="3" length="1" />
	<Field x="2" y="13" type="10" width="3" length="1" />
	<Field x="2" y="14" type="4" width="1" length="1" />
	<Field x="2" y="15" type="4" width="1" length="1" />
	<Field x="2" y="16" type="4" width="1" length="1" />
	<Field x="2" y="17" type="10" width="3" length="1" />
	<Field x="2" y="18" type="10" width="3" length="1" />
	<Field x="2" y="19" type="10" width="3" length="1" />
	<Field x="3" y="2" type="2" width="1" length="1" />
	<Field x="3" y="3" type="2" width="1" length="1" />
	<Field x="3" y="4" type="2" width="1" length="1" />
	<Field x="3" y="8" type="11" width="1" length="1" />
	<Field x="3" y="9" type="11" width="1" length="1" />
	<Field x="3" y="10" type="11" width="1" length="1" />
	<Field x="3" y="14" type="4" width="1" length="1" />
	<Field x="3" y="15" type="4" width="1" length="1" />
	<Field x="3" y="16" type="4" width="1" length="1" />
	<Field x="4" y="2" type="2" width="1" length="1" />
	<Field x="4" y="3" type="2" width="1" length="1" />
	<Field x="4" y="4" type="2" width="1" length="1" />
	<Field x="4" y="8" type="11" width="1" length="1" />
	<Field x="4" y="9" type="11" width="1" length="1" />
	<Field x="4" y="10" type="11" width="1" length="1" />
	<Field x="4" y="14" type="4" width="1" length="1" />
	<Field x="4" y="15" type="4" width="1" length="1" />
	<Field x="4" y="16" type="4" width="1" length="1" />
	<Field x="5" y="2" type="10" width="3" length="1" />
	<Field x="5" y="3" type="10" width="3" length="1" />
	<Field x="5" y="4" type="10" width="3" length="1" />
	<Field x="5" y="5" type="5" width="1" length="1" />
	<Field x="5" y="6" type="5" width="1" length="1" />
	<Field x="5" y="7" type="5" width="1" length="1" />
	<Field x="5" y="8" type="10" width="3" length="1" />
	<Field x="5" y="9" type="10" width="3" length="1" />
	<Field x="5" y="10" type="10" width="3" length="1" />
	<Field x="5" y="11" type="9" width="1" length="1" />
	<Field x="5" y="12" type="9" width="1" length="1" />
	<Field x="5" y="13" type="9" width="1" length="1" />
	<Field x="5" y="14" type="10" width="3" length="1" />
	<Field x="5" y="15" type="10" width="3" length="1" />
	<Field x="5" y="16" type="10" width="3" length="1" />
	<Field x="5" y="17" type="11" width="1" length="1" />
	<Field x="5" y="18" type="11" width="1" length="1" />
	<Field x="5" y="19" type="11" width="1" length="1" />
	<Field x="6" y="5" type="5" width="1" length="1" />
	<Field x="6" y="6" type="5" width="1" length="1" />
	<Field x="6" y="7" type="5" width="1" length="1" />
	<Field x="6" y="11" type="9" width="1" length="1" />
	<Field x="6" y="12" type="9" width="1" length="1" />
	<Field x="6" y="13" type="9" width="1" length="1" />
	<Field x="6" y="17" type="11" width="1" length="1" />
	<Field x="6" y="18" type="11" width="1" length="1" />
	<Field x="6" y="19" type="11" width="1" length="1" />
	<Field x="7" y="5" type="5" width="1" length="1" />
	<Field x="7" y="6" type="5" width="1" length="1" />
	<Field x="7" y="7" type="5" width="1" length="1" />
	<Field x="7" y="11" type="9" width="1" length="1" />
	<Field x="7" y="12" type="9" width="1" length="1" />
	<Field x="7" y="13" type="9" width="1" length="1" />
	<Field x="7" y="17" type="11" width="1" length="1" />
	<Field x="7" y="18" type="11" width="1" length="1" />
	<Field x="7" y="19" type="11" width="1" length="1" />
	<Field x="8" y="2" type="4" width="1" length="1" />
	<Field x="8" y="3" type="4" width="1" length="1" />
	<Field x="8" y="4" type="4" width="1" length="1" />
	<Field x="8" y="5" type="10" width="3" length="1" />
	<Field x="8" y="6" type="10" width="3" length="1" />
	<Field x="8" y="7" type="10" width="3" length="1" />
	<Field x="8" y="8" type="4" width="1" length="1" />
	<Field x="8" y="9" type="4" width="1" length="1" />
	<Field x="8" y="10" type="4" width="1" length="1" />
	<Field x="8" y="11" type="10" width="3" length="1" />
	<Field x="8" y="12" type="10" width="3" length="1" />
	<Field x="8" y="13" type="10" width="3" length="1" />
	<Field x="8" y="14" type="5" width="1" length="1" />
	<Field x="8" y="15" type="5" width="1" length="1" />
	<Field x="8" y="16" type="5" width="1" length="1" />
	<Field x="8" y="17" type="10" width="3" length="1" />
	<Field x="8" y="18" type="10" width="3" length="1" />
	<Field x="8" y="19" type="10" width="3" length="1" />
	<Field x="9" y="2" type="4" width="1" length="1" />
	<Field x="9" y="3" type="4" width="1" length="1" />
	<Field x="9" y="4" type="4" width="1" length="1" />
	<Field x="9" y="8" type="4" width="1" length="1" />
	<Field x="9" y="9" type="4" width="1" length="1" />
	<Field x="9" y="10" type="4" width="1" length="1" />
	<Field x="9" y="14" type="5" width="1" length="1" />
	<Field x="9" y="15" type="5" width="1" length="1" />
	<Field x="9" y="16" type="5" width="1" length="1" />
	<Field x="10" y="2" type="4" width="1" length="1" />
	<Field x="10" y="3" type="4" width="1" length="1" />
	<Field x="10" y="4" type="4" width="1" length="1" />
	<Field x="10" y="8" type="4" width="1" length="1" />
	<Field x="10" y="9" type="4" width="1" length="1" />
	<Field x="10" y="10" type="4" width="1" length="1" />
	<Field x="10" y="14" type="5" width="1" length="1" />
	<Field x="10" y="15" type="5" width="1" length="1" />
	<Field x="10" y="16" type="5" width="1" length="1" />
	<Field x="11" y="2" type="10" width="3" length="1" />
	<Field x="11" y="3" type="10" width="3" length="1" />
	<Field x="11" y="4" type="10" width="3" length="1" />
	<Field x="11" y="5" type="5" width="1" length="1" />
	<Field x="11" y="6" type="5" width="1" length="1" />
	<Field x="11" y="7" type="11" width="1" length="1" />
	<Field x="11" y="8" type="10" width="3" length="1" />
	<Field x="11" y="9" type="10" width="3" length="1" />
	<Field x="11" y="10" type="10" width="3" length="1" />
	<Field x="11" y="11" type="3" width="1" length="1" />
	<Field x="11" y="12" type="3" width="1" length="1" />
	<Field x="11" y="13" type="3" width="1" length="1" />
	<Field x="11" y="14" type="10" width="3" length="1" />
	<Field x="11" y="15" type="10" width="3" length="1" />
	<Field x="11" y="16" type="10" width="3" length="1" />
	<Field x="11" y="17" type="4" width="1" length="1" />
	<Field x="11" y="18" type="4" width="1" length="1" />
	<Field x="11" y="19" type="4" width="1" length="1" />
	<Field x="12" y="5" type="5" width="1" length="1" />
	<Field x="12" y="6" type="5" width="1" length="1" />
	<Field x="12" y="7" type="5" width="1" length="1" />
	<Field x="12" y="11" type="3" width="1" length="1" />
	<Field x="12" y="12" type="3" width="1" length="1" />
	<Field x="12" y="13" type="3" width="1" length="1" />
	<Field x="12" y="17" type="4" width="1" length="1" />
	<Field x="12" y="18" type="4" width="1" length="1" />
	<Field x="12" y="19" type="4" width="1" length="1" />
	<Field x="13" y="5" type="5" width="1" length="1" />
	<Field x="13" y="6" type="5" width="1" length="1" />
	<Field x="13" y="7" type="5" width="1" length="1" />
	<Field x="13" y="11" type="3" width="1" length="1" />
	<Field x="13" y="12" type="3" width="1" length="1" />
	<Field x="13" y="13" type="3" width="1" length="1" />
	<Field x="13" y="17" type="4" width="1" length="1" />
	<Field x="13" y="18" type="4" width="1" length="1" />
	<Field x="13" y="19" type="4" width="1" length="1" />
	<Field x="14" y="2" type="11" width="1" length="1" />
	<Field x="14" y="3" type="11" width="1" length="1" />
	<Field x="14" y="4" type="11" width="1" length="1" />
	<Field x="14" y="5" type="10" width="3" length="1" />
	<Field x="14" y="6" type="10" width="3" length="1" />
	<Field x="14" y="7" type="10" width="3" length="1" />
	<Field x="14" y="8" type="11" width="1" length="1" />
	<Field x="14" y="9" type="11" width="1" length="1" />
	<Field x="14" y="10" type="11" width="1" length="1" />
	<Field x="14" y="11" type="10" width="3" length="1" />
	<Field x="14" y="12" type="10" width="3" length="1" />
	<Field x="14" y="13" type="10" width="3" length="1" />
	<Field x="14" y="14" type="11" width="1" length="1" />
	<Field x="14" y="15" type="11" width="1" length="1" />
	<Field x="14" y="16" type="11" width="1" length="1" />
	<Field x="14" y="17" type="10" width="3" length="1" />
	<Field x="14" y="18" type="10" width="3" length="1" />
	<Field x="14" y="19" type="10" width="3" length="1" />
	<Field x="15" y="2" type="11" width="1" length="1" />
	<Field x="15" y="3" type="11" width="1" length="1" />
	<Field x="15" y="4" type="11" width="1" length="1" />
	<Field x="15" y="8" type="11" width="1" length="1" />
	<Field x="15" y="9" type="11" width="1" length="1" />
	<Field x="15" y="10" type="11" width="1" length="1" />
	<Field x="15" y="14" type="11" width="1" length="1" />
	<Field x="15" y="15" type="11" width="1" length="1" />
	<Field x="15" y="16" type="11" width="1" length="1" />
	<Field x="16" y="2" type="11" width="1" length="1" />
	<Field x="16" y="3" type="11" width="1" length="1" />
	<Field x="16" y="4" type="11" width="1" length="1" />
	<Field x="16" y="8" type="11" width="1" length="1" />
	<Field x="16" y="9" type="11" width="1" length="1" />
	<Field x="16" y="10" type="11" width="1" length="1" />
	<Field x="16" y="14" type="11" width="1" length="1" />
	<Field x="16" y="15" type="11" width="1" length="1" />
	<Field x="16" y="16" type="11" width="1" length="1" />
	<Field x="17" y="2" type="10" width="3" length="1" />
	<Field x="17" y="3" type="10" width="3" length="1" />
	<Field x="17" y="4" type="10" width="3" length="1" />
	<Field x="17" y="5" type="3" width="1" length="1" />
	<Field x="17" y="6" type="3" width="1" length="1" />
	<Field x="17" y="7" type="3" width="1" length="1" />
	<Field x="17" y="8" type="10" width="3" length="1" />
	<Field x="17" y="9" type="10" width="3" length="1" />
	<Field x="17" y="10" type="10" width="3" length="1" />
	<Field x="17" y="11" type="5" width="1" length="1" />
	<Field x="17" y="12" type="5" width="1" length="1" />
	<Field x="17" y="13" type="5" width="1" length="1" />
	<Field x="17" y="14" type="10" width="3" length="1" />
	<Field x="17" y="15" type="10" width="3" length="1" />
	<Field x="17" y="16" type="10" width="3" length="1" />
	<Field x="17" y="17" type="1" width="1" length="1" />
	<Field x="17" y="18" type="1" width="1" length="1" />
	<Field x="17" y="19" type="1" width="1" length="1" />
	<Field x="18" y="5" type="3" width="1" length="1" />
	<Field x="18" y="6" type="3" width="1" length="1" />
	<Field x="18" y="7" type="3" width="1" length="1" />
	<Field x="18" y="11" type="5" width="1" length="1" />
	<Field x="18" y="12" type="5" width="1" length="1" />
	<Field x="18" y="13" type="5" width="1" length="1" />
	<Field x="18" y="17" type="1" width="1" length="1" />
	<Field x="18" y="18" type="1" width="1" length="1" />
	<Field x="18" y="19" type="1" width="1" length="1" />
	<Field x="19" y="5" type="3" width="1" length="1" />
	<Field x="19" y="6" type="3" width="1" length="1" />
	<Field x="19" y="7" type="3" width="1" length="1" />
	<Field x="19" y="11" type="5" width="1" length="1" />
	<Field x="19" y="12" type="5" width="1" length="1" />
	<Field x="19" y="13" type="5" width="1" length="1" />
	<Field x="19" y="17" type="1" width="1" length="1" />
	<Field x="19" y="18" type="1" width="1" length="1" />
	<Field x="19" y="19" type="1" width="1" length="1" />
	<Field x="20" y="2" type="6" width="1" length="18" />
</Level>