<?xml version="1.0" encoding="utf-8"?>
<Level width="20" height="20">
	<Field x="1" y="1" type="6" width="20" length="1" />
	<Field x="1" y="2" type="6" width="1" length="7" />
	<Field x="1" y="9" type="6" width="2" length="1" />
	<Field x="1" y="10" type="6" width="1" length="10" />
	<Field x="1" y="20" type="6" width="20" length="1" />
	<Field x="2" y="2" type="10" width="1" length="1" />
	<Field x="2" y="3" type="10" width="2" length="1" />
	<Field x="2" y="4" type="10" width="1" length="1" />
	<Field x="2" y="5" type="10" width="3" length="1" />
	<Field x="2" y="6" type="10" width="4" length="1" />
	<Field x="2" y="7" type="10" width="3" length="1" />
	<Field x="2" y="8" type="4" width="1" length="1" />
	<Field x="2" y="10" type="10" width="1" length="1" />
	<Field x="2" y="11" type="10" width="2" length="1" />
	<Field x="2" y="12" type="10" width="3" length="1" />
	<Field x="2" y="13" type="10" width="4" length="1" />
	<Field x="2" y="14" type="10" width="5" length="1" />
	<Field x="2" y="15" type="10" width="6" length="1" />
	<Field x="2" y="16" type="10" width="7" length="1" />
	<Field x="2" y="17" type="10" width="18" length="1" />
	<Field x="2" y="18" type="10" width="18" length="1" />
	<Field x="2" y="19" type="10" width="1" length="1" />
	<Field x="3" y="2" type="1" width="1" length="1" />
	<Field x="3" y="4" type="1" width="1" length="1" />
	<Field x="3" y="8" type="10" width="7" length="1" />
	<Field x="3" y="9" type="10" width="7" length="1" />
	<Field x="3" y="10" type="6" width="1" length="1" />
	<Field x="3" y="19" type="2" width="1" length="1" />
	<Field x="4" y="2" type="6" width="1" length="3" />
	<Field x="4" y="10" type="4" width="1" length="1" />
	<Field x="4" y="11" type="6" width="1" length="1" />
	<Field x="4" y="19" type="10" width="1" length="1" />
	<Field x="5" y="2" type="10" width="1" length="1" />
	<Field x="5" y="3" type="1" width="1" length="1" />
	<Field x="5" y="4" type="10" width="1" length="1" />
	<Field x="5" y="5" type="1" width="1" length="1" />
	<Field x="5" y="7" type="1" width="1" length="1" />
	<Field x="5" y="10" type="10" width="5" length="1" />
	<Field x="5" y="11" type="10" width="5" length="1" />
	<Field x="5" y="12" type="6" width="1" length="1" />
	<Field x="5" y="19" type="2" width="1" length="1" />
	<Field x="6" y="2" type="6" width="1" length="6" />
	<Field x="6" y="12" type="4" width="1" length="1" />
	<Field x="6" y="13" type="6" width="1" length="1" />
	<Field x="6" y="19" type="10" width="1" length="1" />
	<Field x="7" y="2" type="1" width="1" length="1" />
	<Field x="7" y="3" type="10" width="1" length="1" />
	<Field x="7" y="4" type="1" width="1" length="1" />
	<Field x="7" y="5" type="10" width="1" length="1" />
	<Field x="7" y="6" type="10" width="3" length="1" />
	<Field x="7" y="7" type="10" width="2" length="1" />
	<Field x="7" y="12" type="10" width="8" length="1" />
	<Field x="7" y="13" type="10" width="8" length="1" />
	<Field x="7" y="14" type="6" width="1" length="1" />
	<Field x="7" y="19" type="2" width="1" length="1" />
	<Field x="8" y="2" type="6" width="1" length="4" />
	<Field x="8" y="14" type="4" width="1" length="1" />
	<Field x="8" y="15" type="6" width="1" length="1" />
	<Field x="8" y="19" type="10" width="1" length="1" />
	<Field x="9" y="2" type="10" width="1" length="1" />
	<Field x="9" y="3" type="1" width="1" length="1" />
	<Field x="9" y="4" type="10" width="1" length="1" />
	<Field x="9" y="5" type="1" width="1" length="1" />
	<Field x="9" y="7" type="1" width="1" length="1" />
	<Field x="9" y="14" type="10" width="4" length="1" />
	<Field x="9" y="15" type="10" width="4" length="1" />
	<Field x="9" y="16" type="6" width="1" length="1" />
	<Field x="9" y="19" type="2" width="1" length="1" />
	<Field x="10" y="2" type="6" width="2" length="1" />
	<Field x="10" y="3" type="6" width="2" length="1" />
	<Field x="10" y="4" type="6" width="2" length="1" />
	<Field x="10" y="5" type="6" width="2" length="1" />
	<Field x="10" y="6" type="6" width="2" length="1" />
	<Field x="10" y="7" type="6" width="2" length="1" />
	<Field x="10" y="8" type="6" width="2" length="1" />
	<Field x="10" y="9" type="1" width="1" length="1" />
	<Field x="10" y="10" type="6" width="2" length="1" />
	<Field x="10" y="11" type="6" width="2" length="1" />
	<Field x="10" y="16" type="3" width="1" length="1" />
	<Field x="10" y="19" type="10" width="2" length="1" />
	<Field x="11" y="9" type="1" width="1" length="1" />
	<Field x="11" y="16" type="3" width="1" length="1" />
	<Field x="12" y="2" type="10" width="1" length="1" />
	<Field x="12" y="3" type="1" width="1" length="1" />
	<Field x="12" y="4" type="10" width="1" length="1" />
	<Field x="12" y="5" type="1" width="1" length="1" />
	<Field x="12" y="6" type="10" width="3" length="1" />
	<Field x="12" y="7" type="1" width="1" length="1" />
	<Field x="12" y="8" type="10" width="7" length="1" />
	<Field x="12" y="9" type="10" width="7" length="1" />
	<Field x="12" y="10" type="10" width="5" length="1" />
	<Field x="12" y="11" type="10" width="5" length="1" />
	<Field x="12" y="16" type="6" width="1" length="1" />
	<Field x="12" y="19" type="2" width="1" length="1" />
	<Field x="13" y="2" type="6" width="1" length="4" />
	<Field x="13" y="7" type="10" width="2" length="1" />
	<Field x="13" y="14" type="4" width="1" length="1" />
	<Field x="13" y="15" type="6" width="1" length="1" />
	<Field x="13" y="16" type="10" width="7" length="1" />
	<Field x="13" y="19" type="10" width="1" length="1" />
	<Field x="14" y="2" type="1" width="1" length="1" />
	<Field x="14" y="3" type="10" width="1" length="1" />
	<Field x="14" y="4" type="1" width="1" length="1" />
	<Field x="14" y="5" type="10" width="1" length="1" />
	<Field x="14" y="14" type="6" width="1" length="1" />
	<Field x="14" y="15" type="10" width="6" length="1" />
	<Field x="14" y="19" type="2" width="1" length="1" />
	<Field x="15" y="2" type="6" width="1" length="6" />
	<Field x="15" y="12" type="4" width="1" length="1" />
	<Field x="15" y="13" type="6" width="1" length="1" />
	<Field x="15" y="14" type="10" width="5" length="1" />
	<Field x="15" y="19" type="10" width="1" length="1" />
	<Field x="16" y="2" type="10" width="1" length="1" />
	<Field x="16" y="3" type="1" width="1" length="1" />
	<Field x="16" y="4" type="10" width="1" length="1" />
	<Field x="16" y="5" type="1" width="1" length="1" />
	<Field x="16" y="6" type="10" width="4" length="1" />
	<Field x="16" y="7" type="1" width="1" length="1" />
	<Field x="16" y="12" type="6" width="1" length="1" />
	<Field x="16" y="13" type="10" width="4" length="1" />
	<Field x="16" y="19" type="2" width="1" length="1" />
	<Field x="17" y="2" type="6" width="1" length="3" />
	<Field x="17" y="5" type="10" width="3" length="1" />
	<Field x="17" y="7" type="10" width="3" length="1" />
	<Field x="17" y="10" type="4" width="1" length="1" />
	<Field x="17" y="11" type="6" width="1" length="1" />
	<Field x="17" y="12" type="10" width="3" length="1" />
	<Field x="17" y="19" type="10" width="1" length="1" />
	<Field x="18" y="2" type="1" width="1" length="1" />
	<Field x="18" y="3" type="10" width="2" length="1" />
	<Field x="18" y="4" type="1" width="1" length="1" />
	<Field x="18" y="10" type="6" width="1" length="1" />
	<Field x="18" y="11" type="10" width="2" length="1" />
	<Field x="18" y="19" type="2" width="1" length="1" />
	<Field x="19" y="2" type="10" width="1" length="1" />
	<Field x="19" y="4" type="10" width="1" length="1" />
	<Field x="19" y="8" type="4" width="1" length="1" />
	<Field x="19" y="9" type="6" width="2" length="1" />
	<Field x="19" y="10" type="10" width="1" length="1" />
	<Field x="19" y="19" type="10" width="1" length="1" />
	<Field x="20" y="2" type="6" width="1" length="7" />
	<Field x="20" y="10" type="6" width="1" length="10" />
</Level>