<?xml version="1.0" encoding="utf-8"?>
<Level width="20" height="20">
	<Field x="1" y="1" type="10" width="20" length="1" />
	<Field x="1" y="2" type="10" width="18" length="1" />
	<Field x="1" y="3" type="10" width="2" length="1" />
	<Field x="1" y="4" type="10" width="2" length="1" />
	<Field x="1" y="5" type="10" width="2" length="1" />
	<Field x="1" y="6" type="10" width="2" length="1" />
	<Field x="1" y="7" type="10" width="5" length="1" />
	<Field x="1" y="8" type="10" width="5" length="1" />
	<Field x="1" y="9" type="12" width="10" length="1" />
	<Field x="1" y="10" type="10" width="12" length="1" />
	<Field x="1" y="11" type="10" width="12" length="1" />
	<Field x="1" y="12" type="10" width="2" length="1" />
	<Field x="1" y="13" type="10" width="12" length="1" />
	<Field x="1" y="14" type="10" width="12" length="1" />
	<Field x="1" y="15" type="12" width="10" length="1" />
	<Field x="1" y="16" type="10" width="12" length="1" />
	<Field x="1" y="17" type="10" width="12" length="1" />
	<Field x="1" y="18" type="10" width="2" length="1" />
	<Field x="1" y="19" type="10" width="20" length="1" />
	<Field x="1" y="20" type="10" width="20" length="1" />
	<Field x="3" y="3" type="12" width="7" length="1" />
	<Field x="3" y="4" type="12" width="1" length="3" />
	<Field x="3" y="12" type="12" width="11" length="1" />
	<Field x="3" y="18" type="12" width="14" length="1" />
	<Field x="4" y="4" type="10" width="5" length="1" />
	<Field x="4" y="5" type="10" width="5" length="1" />
	<Field x="4" y="6" type="10" width="2" length="1" />
	<Field x="6" y="6" type="12" width="1" length="3" />
	<Field x="7" y="6" type="10" width="2" length="1" />
	<Field x="7" y="7" type="10" width="8" length="1" />
	<Field x="7" y="8" type="10" width="8" length="1" />
	<Field x="9" y="4" type="12" width="1" length="2" />
	<Field x="9" y="6" type="12" width="7" length="1" />
	<Field x="10" y="3" type="10" width="2" length="1" />
	<Field x="10" y="4" type="7" width="1" length="1" />
	<Field x="10" y="5" type="10" width="2" length="1" />
	<Field x="11" y="4" type="10" width="1" length="1" />
	<Field x="11" y="9" type="10" width="2" length="1" />
	<Field x="11" y="15" type="10" width="2" length="1" />
	<Field x="12" y="3" type="12" width="7" length="1" />
	<Field x="12" y="4" type="12" width="1" length="2" />
	<Field x="13" y="4" type="10" width="5" length="1" />
	<Field x="13" y="5" type="10" width="5" length="1" />
	<Field x="13" y="9" type="12" width="3" length="1" />
	<Field x="13" y="10" type="12" width="1" length="2" />
	<Field x="13" y="13" type="12" width="1" length="5" />
	<Field x="14" y="10" type="10" width="2" length="1" />
	<Field x="14" y="11" type="10" width="4" length="1" />
	<Field x="14" y="12" type="10" width="2" length="1" />
	<Field x="14" y="13" type="10" width="2" length="1" />
	<Field x="14" y="14" type="10" width="2" length="1" />
	<Field x="14" y="15" type="10" width="2" length="1" />
	<Field x="14" y="16" type="10" width="2" length="1" />
	<Field x="14" y="17" type="10" width="2" length="1" />
	<Field x="15" y="7" type="12" width="1" length="2" />
	<Field x="16" y="6" type="10" width="2" length="1" />
	<Field x="16" y="7" type="10" width="2" length="1" />
	<Field x="16" y="8" type="10" width="2" length="1" />
	<Field x="16" y="9" type="10" width="2" length="1" />
	<Field x="16" y="10" type="8" width="1" length="1" />
	<Field x="16" y="12" type="12" width="3" length="1" />
	<Field x="16" y="13" type="12" width="1" length="5" />
	<Field x="17" y="10" type="10" width="1" length="1" />
	<Field x="17" y="13" type="10" width="4" length="1" />
	<Field x="17" y="14" type="10" width="4" length="1" />
	<Field x="17" y="15" type="10" width="2" length="1" />
	<Field x="17" y="16" type="10" width="2" length="1" />
	<Field x="17" y="17" type="10" width="2" length="1" />
	<Field x="17" y="18" type="10" width="2" length="1" />
	<Field x="18" y="4" type="12" width="3" length="1" />
	<Field x="18" y="5" type="12" width="1" length="7" />
	<Field x="19" y="2" type="1" width="1" length="1" />
	<Field x="19" y="3" type="10" width="2" length="1" />
	<Field x="19" y="5" type="10" width="2" length="1" />
	<Field x="19" y="6" type="10" width="1" length="1" />
	<Field x="19" y="7" type="10" width="2" length="1" />
	<Field x="19" y="8" type="10" width="2" length="1" />
	<Field x="19" y="9" type="10" width="2" length="1" />
	<Field x="19" y="10" type="10" width="2" length="1" />
	<Field x="19" y="11" type="10" width="2" length="1" />
	<Field x="19" y="12" type="10" width="2" length="1" />
	<Field x="19" y="15" type="12" width="2" length="1" />
	<Field x="19" y="16" type="12" width="2" length="1" />
	<Field x="19" y="17" type="12" width="2" length="1" />
	<Field x="19" y="18" type="12" width="2" length="1" />
	<Field x="20" y="2" type="10" width="1" length="1" />
	<Field x="20" y="6" type="2" width="1" length="1" />
</Level>