<?xml version="1.0" encoding="utf-8"?>
<Level width="20" height="20">
	<Field x="1" y="1" type="12" width="8" length="1" />
	<Field x="1" y="2" type="12" width="6" length="1" />
	<Field x="1" y="3" type="12" width="4" length="1" />
	<Field x="1" y="4" type="12" width="3" length="1" />
	<Field x="1" y="5" type="12" width="2" length="1" />
	<Field x="1" y="6" type="12" width="2" length="1" />
	<Field x="1" y="7" type="12" width="1" length="2" />
	<Field x="1" y="9" type="6" width="1" length="4" />
	<Field x="1" y="13" type="12" width="1" length="2" />
	<Field x="1" y="15" type="12" width="2" length="1" />
	<Field x="1" y="16" type="12" width="2" length="1" />
	<Field x="1" y="17" type="12" width="3" length="1" />
	<Field x="1" y="18" type="12" width="4" length="1" />
	<Field x="1" y="19" type="12" width="6" length="1" />
	<Field x="1" y="20" type="12" width="8" length="1" />
	<Field x="2" y="7" type="6" width="1" length="2" />
	<Field x="2" y="9" type="10" width="18" length="1" />
	<Field x="2" y="10" type="10" width="8" length="1" />
	<Field x="2" y="11" type="10" width="8" length="1" />
	<Field x="2" y="12" type="10" width="18" length="1" />
	<Field x="2" y="13" type="6" width="1" length="2" />
	<Field x="3" y="5" type="6" width="1" length="2" />
	<Field x="3" y="7" type="10" width="4" length="1" />
	<Field x="3" y="8" type="10" width="4" length="1" />
	<Field x="3" y="13" type="10" width="3" length="1" />
	<Field x="3" y="14" type="10" width="4" length="1" />
	<Field x="3" y="15" type="6" width="1" length="2" />
	<Field x="4" y="4" type="6" width="1" length="1" />
	<Field x="4" y="5" type="10" width="2" length="1" />
	<Field x="4" y="6" type="10" width="1" length="1" />
	<Field x="4" y="15" type="10" width="5" length="1" />
	<Field x="4" y="16" type="10" width="14" length="1" />
	<Field x="4" y="17" type="6" width="1" length="1" />
	<Field x="5" y="3" type="6" width="2" length="1" />
	<Field x="5" y="4" type="10" width="12" length="1" />
	<Field x="5" y="6" type="9" width="1" length="1" />
	<Field x="5" y="17" type="10" width="12" length="1" />
	<Field x="5" y="18" type="6" width="2" length="1" />
	<Field x="6" y="5" type="9" width="1" length="1" />
	<Field x="6" y="6" type="10" width="10" length="1" />
	<Field x="6" y="13" type="6" width="1" length="1" />
	<Field x="7" y="2" type="6" width="2" length="1" />
	<Field x="7" y="3" type="10" width="8" length="1" />
	<Field x="7" y="5" type="9" width="1" length="1" />
	<Field x="7" y="7" type="4" width="1" length="1" />
	<Field x="7" y="8" type="4" width="1" length="1" />
	<Field x="7" y="13" type="10" width="8" length="1" />
	<Field x="7" y="14" type="6" width="2" length="1" />
	<Field x="7" y="18" type="10" width="8" length="1" />
	<Field x="7" y="19" type="6" width="2" length="1" />
	<Field x="8" y="5" type="2" width="1" length="1" />
	<Field x="8" y="7" type="4" width="1" length="1" />
	<Field x="8" y="8" type="4" width="1" length="1" />
	<Field x="9" y="1" type="6" width="4" length="1" />
	<Field x="9" y="2" type="10" width="4" length="1" />
	<Field x="9" y="5" type="10" width="4" length="1" />
	<Field x="9" y="7" type="10" width="4" length="1" />
	<Field x="9" y="8" type="10" width="4" length="1" />
	<Field x="9" y="14" type="10" width="4" length="1" />
	<Field x="9" y="15" type="6" width="4" length="1" />
	<Field x="9" y="19" type="10" width="4" length="1" />
	<Field x="9" y="20" type="6" width="4" length="1" />
	<Field x="10" y="10" type="1" width="1" length="1" />
	<Field x="10" y="11" type="1" width="1" length="1" />
	<Field x="11" y="10" type="1" width="1" length="1" />
	<Field x="11" y="11" type="1" width="1" length="1" />
	<Field x="12" y="10" type="10" width="8" length="1" />
	<Field x="12" y="11" type="10" width="8" length="1" />
	<Field x="13" y="1" type="12" width="8" length="1" />
	<Field x="13" y="2" type="6" width="2" length="1" />
	<Field x="13" y="5" type="2" width="1" length="1" />
	<Field x="13" y="7" type="4" width="1" length="1" />
	<Field x="13" y="8" type="4" width="1" length="1" />
	<Field x="13" y="14" type="6" width="2" length="1" />
	<Field x="13" y="15" type="10" width="5" length="1" />
	<Field x="13" y="19" type="6" width="2" length="1" />
	<Field x="13" y="20" type="12" width="8" length="1" />
	<Field x="14" y="5" type="9" width="1" length="1" />
	<Field x="14" y="7" type="4" width="1" length="1" />
	<Field x="14" y="8" type="4" width="1" length="1" />
	<Field x="15" y="2" type="12" width="6" length="1" />
	<Field x="15" y="3" type="6" width="2" length="1" />
	<Field x="15" y="5" type="9" width="1" length="1" />
	<Field x="15" y="7" type="10" width="4" length="1" />
	<Field x="15" y="8" type="10" width="4" length="1" />
	<Field x="15" y="13" type="6" width="1" length="1" />
	<Field x="15" y="14" type="10" width="4" length="1" />
	<Field x="15" y="18" type="6" width="2" length="1" />
	<Field x="15" y="19" type="12" width="6" length="1" />
	<Field x="16" y="5" type="10" width="2" length="1" />
	<Field x="16" y="6" type="9" width="1" length="1" />
	<Field x="16" y="13" type="10" width="3" length="1" />
	<Field x="17" y="3" type="12" width="4" length="1" />
	<Field x="17" y="4" type="6" width="1" length="1" />
	<Field x="17" y="6" type="10" width="1" length="1" />
	<Field x="17" y="17" type="6" width="1" length="1" />
	<Field x="17" y="18" type="12" width="4" length="1" />
	<Field x="18" y="4" type="12" width="3" length="1" />
	<Field x="18" y="5" type="6" width="1" length="2" />
	<Field x="18" y="15" type="6" width="1" length="2" />
	<Field x="18" y="17" type="12" width="3" length="1" />
	<Field x="19" y="5" type="12" width="2" length="1" />
	<Field x="19" y="6" type="12" width="2" length="1" />
	<Field x="19" y="7" type="6" width="1" length="2" />
	<Field x="19" y="13" type="6" width="1" length="2" />
	<Field x="19" y="15" type="12" width="2" length="1" />
	<Field x="19" y="16" type="12" width="2" length="1" />
	<Field x="20" y="7" type="12" width="1" length="2" />
	<Field x="20" y="9" type="6" width="1" length="4" />
	<Field x="20" y="13" type="12" width="1" length="2" />
</Level>